{
  "커뮤니티뉴스": [
    {
      "title": "진도군, 귀농 정책 지원금 확대",
      "date": "2025-04-21",
      "url": "https://jindo.go.kr/news/return-policy",
      "local": "진도군"
    },
    {
      "title": "의신면 주민센터 개소식 개최",
      "date": "2025-04-18",
      "url": "https://jindo.go.kr/news/community-center",
      "local": "진도군"
    }
  ],
  "축제": [
    {
      "title": "해남군, 벚꽃 축제 개막",
      "date": "2025-04-20",
      "url": "https://haenam.go.kr/news/cherryblossom",
      "local": "해남군"
    }
  ]
}